insert into cliente values (00, 'jeronimo', 'burgos', 'j. lópez 2050', 541146678831);
insert into cliente values (01, 'estefania', 'villegas', 'javier garcía 465', 541144513083);
insert into cliente values (02, 'guillermo', 'fernandez', 'monseñor 945', 541146671127);
insert into cliente values (03, 'eliana', 'ramirez', 'colombia 351', 541144515868);
insert into cliente values (04, 'jose', 'carmona', 'belgrano 978', 541146676082);
insert into cliente values (05, 'marcela', 'de santis', '11 de noviembre 1150', 541147604062);
insert into cliente values (06, 'daniela', 'franco', 'barragán 450', 541144512943);
insert into cliente values (07, 'rafael', 'cortes', 'paunero 467', 541147604558);
insert into cliente values (08, 'camilo', 'berrio', 'rodriguez peña 1545', 541144514712);
insert into cliente values (09, 'francisco', 'arias', 'perón 145', 541147601172);
insert into cliente values (10, 'antonio', 'merizalde', 'viamonte 1005', 541147604344);
insert into cliente values (11, 'karen', 'restrepo', 'germania 2665', 541144516141);
insert into cliente values (12, 'virginia', 'lemus', 'celedonio flores 1426', 541146686144);
insert into cliente values (13, 'david', 'santana', 'directoria 458', 541146683092);
insert into cliente values (14, 'javier', 'saldarriaga', 'ricchierri 653', 541144513696);
insert into cliente values (15, 'sergio', 'posada', 'pardo 876', 541146688938);
insert into cliente values (16, 'jorge', 'zea', 'maquinista 89', 541146679013);
insert into cliente values (17, 'mariana', 'diaz', 'parana 682', 541146681375);
insert into cliente values (18, 'esteban', 'giraldo', 'sto. cabral 325', 541144517773);
insert into cliente values (19, 'jorge', 'idarraga', 'entre ríos 985', 541146678198);

insert into tarjeta values (255266140763, 00, 201010, 201806, 1765, 10000.00, 'anulada');
insert into tarjeta values (276593831213, 00, 201011, 201908, 2952, 22000.00, 'vigente');
insert into tarjeta values (345645745345, 01, 201101, 201901, 2346, 30000.00, 'vigente');
insert into tarjeta values (792825200006, 01, 200903, 202001, 5793, 43000.00, 'vigente');
insert into tarjeta values (107171862314, 02, 200802, 201902, 2027, 50000.00, 'vigente');
insert into tarjeta values (592960365833, 03, 200908, 201809, 4622, 10000.00, 'vigente');
insert into tarjeta values (719985935461, 04, 201509, 202209, 5709, 15000.00, 'vigente');
insert into tarjeta values (855767686887, 05, 201706, 201910, 4275, 3000.00, 'vigente');
insert into tarjeta values (414018702474, 06, 201807, 201812, 9992, 7000.00, 'vigente');
insert into tarjeta values (515854250909, 07, 200905, 201905, 6667, 605000.00, 'vigente');
insert into tarjeta values (290130953840, 08, 201304, 202204, 9288, 55000.00, 'vigente');
insert into tarjeta values (839998770487, 09, 200703, 202112, 6145, 1000.00, 'vigente');
insert into tarjeta values (787945852299, 10, 200802, 201810, 2791, 5000.00, 'vigente');
insert into tarjeta values (793911145053, 11, 201810, 202001, 4841, 500000.00, 'suspendida');
insert into tarjeta values (407712959644, 12, 200010, 201902, 1049, 12000.00, 'vigente');
insert into tarjeta values (284945862299, 13, 200902, 201810, 2791, 75000.00, 'vigente');
insert into tarjeta values (735670476135, 14, 201812, 201807, 4462, 103000.00, 'suspendida');
insert into tarjeta values (253716535756, 15, 201711, 201912, 8593, 2000.00, 'vigente');
insert into tarjeta values (873327800702, 16, 201712, 201911, 3340, 5000.00, 'vigente');
insert into tarjeta values (942941039565, 17, 201602, 201912, 3421, 5000.00, 'vigente');
insert into tarjeta values (619057183018, 18, 201602, 202111, 8603, 540000.00, 'vigente');
insert into tarjeta values (401206605614, 19, 201201, 202009, 8578, 205000.00, 'vigente');

insert into comercio values (00, 'mc donalds', 'libertador 7112', 1452, 541148670679);
insert into comercio values (01, 'wendys', 'ramallo 985', 1236, 541147492388);
insert into comercio values (02, 'mc donalds', 'arenales 3360', 1452, 541145374583);
insert into comercio values (03, 'kfc', 'av cordoba 1765', 1985, 541149392421);
insert into comercio values (04, 'mc donalds', 'av. cabildo 2254', 1265, 541147244380);
insert into comercio values (05, 'kfc', 'av. callao 131', 1425, 541147963055);
insert into comercio values (06, 'burguer king', 'av. centenario 72', 1652, 541149319406);
insert into comercio values (07, 'mc donalds', 'av. córdoba 2039', 1254, 541145305199);
insert into comercio values (08, 'kfc', 'av. rivadavia 2199', 1895, 541144120582);
insert into comercio values (09, 'kfc', 'av. pueyrredón 230', 1632, 541145950642);
insert into comercio values (10, 'burguer king', 'av. luis campos 900 ', 1785, 541146471722);
insert into comercio values (11, 'mc donalds', 'av. libertador 748', 1553, 541148434827);
insert into comercio values (12, 'wendys', 'av. libertador 2194', 1985, 541148046743);
insert into comercio values (13, 'burguer king', 'hipólito yrigoyen 4475 ', 1452, 541147081636);
insert into comercio values (14, 'wendys', 'av. espora 619', 1693, 541143246520);
insert into comercio values (15, 'mc donalds', 'av. entre ríos y caseros', 1632, 541143919624);
insert into comercio values (16, 'kfc', 'av. del libertador 2803', 1985, 541144620306);
insert into comercio values (17, 'wendys', 'av. corrientes 980', 1525, 541145615642);
insert into comercio values (18, 'kfc', 'av. corrientes 3247', 1454, 541144781627);
insert into comercio values (19, 'mc donalds', 'av. corrientes 2558', 1526, 541147481599);

--- para controlar funciones por tiempo
insert into compra values (00, 515854250909, 00, '2018-05-21 21:09:08.332681', 10, false);
insert into compra values (01, 515854250909, 02, '2018-05-21 21:09:15.334281', 50, false);    --iguales codigos postales y distintos comercios, 2 compras en menos de 1 min                                                         
insert into compra values (02, 619057183018, 19, '2018-04-19 13:09:08.336281', 10, false);
insert into compra values (03, 619057183018, 18, '2018-04-19 13:09:08.335281', 10, false);    --distintos codigos postales y comercios, 2 compras en menos de 5 min   
----------------------------------------

insert into consumo values (255266140763, 1765, 16, 355.00);
insert into consumo values (276593831213, 2952, 15, 456.55);
insert into consumo values (345645745345, 2346, 00, 12532.25);
insert into consumo values (345645745345, 2346, 02, 150.00);
insert into consumo values (792825200006, 5793, 03, 985.00);
insert into consumo values (792825200006, 5793, 14, 1021.36);
insert into consumo values (107171862314, 2020, 01, 1500.32);
insert into consumo values (107171862314, 2020, 13, 3652.00);
insert into consumo values (592960365833, 4622, 13, 983.32);
insert into consumo values (592960365833, 4622, 00, 23.10);
insert into consumo values (719985935461, 5709, 11, 1452.36);
insert into consumo values (719985935461, 5709, 10, 10365.36);
insert into consumo values (855767686887, 4275, 01, 1500.50);
insert into consumo values (855767686887, 4275, 09, 2500.55);
insert into consumo values (414018702474, 9992, 13, 1000.00);
insert into consumo values (414018702474, 9992, 08, 456.36);
insert into consumo values (290130953840, 9288, 17, 1452.00);
insert into consumo values (290130953840, 9288, 01, 10.50);
insert into consumo values (839998770487, 6145, 18, 758.25);
insert into consumo values (839998770487, 6145, 00, 125.25);
insert into consumo values (787945852299, 2791, 19, 444.44);
insert into consumo values (787945852299, 2791, 19, 782.36);
insert into consumo values (793911145053, 4841, 07, 9866.36);
insert into consumo values (793911145053, 4841, 03, 87582.36);
insert into consumo values (407712959644, 1049, 14, 985.36);
insert into consumo values (407712959644, 1049, 00, 410.35);
insert into consumo values (284945862299, 2791, 15, 4562.63);
insert into consumo values (284945862299, 2791, 05, 9858.55);
insert into consumo values (735670476135, 4462, 18, 26539.36);
insert into consumo values (735670476135, 4462, 01, 58366.21);
insert into consumo values (253716535756, 8593, 06, 3653.35);
insert into consumo values (253716535756, 8593, 07, 9856.32);
insert into consumo values (873327800702, 3340, 17, 1003.36);
insert into consumo values (873327800702, 3340, 00, 500.36);
insert into consumo values (942941039565, 3421, 09, 478.98);
insert into consumo values (942941039565, 3421, 06, 568.18);

insert into cierre values (2018, 1, 0,'2018-1-1','2018-2-1','2018-2-20');
insert into cierre values (2018, 1, 1,'2018-1-3','2018-2-3','2018-2-23');
insert into cierre values (2018, 1, 2,'2018-1-5','2018-2-5','2018-2-25');
insert into cierre values (2018, 1, 3,'2018-1-7','2018-2-7','2018-2-27');
insert into cierre values (2018, 1, 4,'2018-1-10','2018-2-10','2018-2-28');
insert into cierre values (2018, 1, 5,'2018-1-11','2018-2-11','2018-2-28');
insert into cierre values (2018, 1, 6,'2018-1-13','2018-2-13','2018-3-3');
insert into cierre values (2018, 1, 7,'2018-1-15','2018-2-15','2018-3-5');
insert into cierre values (2018, 1, 8,'2018-1-17','2018-2-17','2018-3-7');
insert into cierre values (2018, 1, 9,'2018-1-19','2018-2-19','2018-3-10');
insert into cierre values (2018, 2, 0,'2018-2-1','2018-3-1','2018-3-20');
insert into cierre values (2018, 2, 1,'2018-2-3','2018-3-3','2018-3-23');
insert into cierre values (2018, 2, 2,'2018-2-5','2018-3-5','2018-3-25');
insert into cierre values (2018, 2, 3,'2018-2-7','2018-3-7','2018-3-27');
insert into cierre values (2018, 2, 4,'2018-2-10','2018-3-10','2018-3-30');
insert into cierre values (2018, 2, 5,'2018-2-11','2018-3-11','2018-3-30');
insert into cierre values (2018, 2, 6,'2018-2-13','2018-3-13','2018-4-3');
insert into cierre values (2018, 2, 7,'2018-2-15','2018-3-15','2018-4-5');
insert into cierre values (2018, 2, 8,'2018-2-17','2018-3-17','2018-4-7');
insert into cierre values (2018, 2, 9,'2018-2-19','2018-3-19','2018-4-10');
insert into cierre values (2018, 3, 0,'2018-3-1','2018-4-1','2018-4-20');
insert into cierre values (2018, 3, 1,'2018-3-3','2018-4-3','2018-4-23');
insert into cierre values (2018, 3, 2,'2018-3-5','2018-4-5','2018-4-25');
insert into cierre values (2018, 3, 3,'2018-3-7','2018-4-7','2018-4-27');
insert into cierre values (2018, 3, 4,'2018-3-10','2018-4-10','2018-4-30');
insert into cierre values (2018, 3, 5,'2018-3-11','2018-4-11','2018-4-30');
insert into cierre values (2018, 3, 6,'2018-3-13','2018-4-13','2018-5-3');
insert into cierre values (2018, 3, 7,'2018-3-15','2018-4-15','2018-5-5');
insert into cierre values (2018, 3, 8,'2018-3-17','2018-4-17','2018-5-7');
insert into cierre values (2018, 3, 9,'2018-3-19','2018-4-19','2018-5-10');
insert into cierre values (2018, 4, 0,'2018-4-1','2018-5-1','2018-5-20');
insert into cierre values (2018, 4, 1,'2018-4-3','2018-5-3','2018-5-23');
insert into cierre values (2018, 4, 2,'2018-4-5','2018-5-5','2018-5-25');
insert into cierre values (2018, 4, 3,'2018-4-7','2018-5-7','2018-5-27');
insert into cierre values (2018, 4, 4,'2018-4-10','2018-5-10','2018-5-30');
insert into cierre values (2018, 4, 5,'2018-4-11','2018-5-11','2018-5-30');
insert into cierre values (2018, 4, 6,'2018-4-13','2018-5-13','2018-6-3');
insert into cierre values (2018, 4, 7,'2018-4-15','2018-5-15','2018-6-5');
insert into cierre values (2018, 4, 8,'2018-4-17','2018-5-17','2018-6-7');
insert into cierre values (2018, 4, 9,'2018-4-19','2018-5-19','2018-6-10');
insert into cierre values (2018, 5, 0,'2018-5-1','2018-6-1','2018-6-20');
insert into cierre values (2018, 5, 1,'2018-5-3','2018-6-3','2018-6-23');
insert into cierre values (2018, 5, 2,'2018-5-5','2018-6-5','2018-6-25');
insert into cierre values (2018, 5, 3,'2018-5-7','2018-6-7','2018-6-27');
insert into cierre values (2018, 5, 4,'2018-5-10','2018-6-10','2018-6-30');
insert into cierre values (2018, 5, 5,'2018-5-11','2018-6-11','2018-6-30');
insert into cierre values (2018, 5, 6,'2018-5-13','2018-6-13','2018-7-3');
insert into cierre values (2018, 5, 7,'2018-5-15','2018-6-15','2018-7-5');
insert into cierre values (2018, 5, 8,'2018-5-17','2018-6-17','2018-7-7');
insert into cierre values (2018, 5, 9,'2018-5-19','2018-6-19','2018-7-10');
insert into cierre values (2018, 6, 0,'2018-6-1','2018-7-1','2018-7-20');
insert into cierre values (2018, 6, 1,'2018-6-3','2018-7-3','2018-7-23');
insert into cierre values (2018, 6, 2,'2018-6-5','2018-7-5','2018-7-25');
insert into cierre values (2018, 6, 3,'2018-6-7','2018-7-7','2018-7-27');
insert into cierre values (2018, 6, 4,'2018-6-10','2018-7-10','2018-7-30');
insert into cierre values (2018, 6, 5,'2018-6-11','2018-7-11','2018-7-30');
insert into cierre values (2018, 6, 6,'2018-6-13','2018-7-13','2018-8-3');
insert into cierre values (2018, 6, 7,'2018-6-15','2018-7-15','2018-8-5');
insert into cierre values (2018, 6, 8,'2018-6-17','2018-7-17','2018-8-7');
insert into cierre values (2018, 6, 9,'2018-6-19','2018-7-19','2018-8-10');
insert into cierre values (2018, 7, 0,'2018-7-1','2018-8-1','2018-8-20');
insert into cierre values (2018, 7, 1,'2018-7-3','2018-8-3','2018-8-23');
insert into cierre values (2018, 7, 2,'2018-7-5','2018-8-5','2018-8-25');
insert into cierre values (2018, 7, 3,'2018-7-7','2018-8-7','2018-8-27');
insert into cierre values (2018, 7, 4,'2018-7-10','2018-8-10','2018-8-30');
insert into cierre values (2018, 7, 5,'2018-7-11','2018-8-11','2018-8-30');
insert into cierre values (2018, 7, 6,'2018-7-13','2018-8-13','2018-9-3');
insert into cierre values (2018, 7, 7,'2018-7-15','2018-8-15','2018-9-5');
insert into cierre values (2018, 7, 8,'2018-7-17','2018-8-17','2018-9-7');
insert into cierre values (2018, 7, 9,'2018-7-19','2018-8-19','2018-9-10');
insert into cierre values (2018, 8, 0,'2018-8-1','2018-9-1','2018-9-20');
insert into cierre values (2018, 8, 1,'2018-8-3','2018-9-3','2018-9-23');
insert into cierre values (2018, 8, 2,'2018-8-5','2018-9-5','2018-9-25');
insert into cierre values (2018, 8, 3,'2018-8-7','2018-9-7','2018-9-27');
insert into cierre values (2018, 8, 4,'2018-8-10','2018-9-10','2018-9-30');
insert into cierre values (2018, 8, 5,'2018-8-11','2018-9-11','2018-9-30');
insert into cierre values (2018, 8, 6,'2018-8-13','2018-9-13','2018-10-3');
insert into cierre values (2018, 8, 7,'2018-8-15','2018-9-15','2018-10-5');
insert into cierre values (2018, 8, 8,'2018-8-17','2018-9-17','2018-10-7');
insert into cierre values (2018, 8, 9,'2018-8-19','2018-9-19','2018-10-10');
insert into cierre values (2018, 9, 0,'2018-9-1','2018-10-1','2018-10-20');
insert into cierre values (2018, 9, 1,'2018-9-3','2018-10-3','2018-10-23');
insert into cierre values (2018, 9, 2,'2018-9-5','2018-10-5','2018-10-25');
insert into cierre values (2018, 9, 3,'2018-9-7','2018-10-7','2018-10-27');
insert into cierre values (2018, 9, 4,'2018-9-10','2018-10-10','2018-10-30');
insert into cierre values (2018, 9, 5,'2018-9-11','2018-10-11','2018-10-30');
insert into cierre values (2018, 9, 6,'2018-9-13','2018-10-13','2018-11-3');
insert into cierre values (2018, 9, 7,'2018-9-15','2018-10-15','2018-11-5');
insert into cierre values (2018, 9, 8,'2018-9-17','2018-10-17','2018-11-7');
insert into cierre values (2018, 9, 9,'2018-9-19','2018-10-19','2018-11-10');
insert into cierre values (2018, 10, 0,'2018-10-1','2018-11-1','2018-11-20');
insert into cierre values (2018, 10, 1,'2018-10-3','2018-11-3','2018-11-23');
insert into cierre values (2018, 10, 2,'2018-10-5','2018-11-5','2018-11-25');
insert into cierre values (2018, 10, 3,'2018-10-7','2018-11-7','2018-11-27');
insert into cierre values (2018, 10, 4,'2018-10-10','2018-11-10','2018-11-30');
insert into cierre values (2018, 10, 5,'2018-10-11','2018-11-11','2018-11-30');
insert into cierre values (2018, 10, 6,'2018-10-13','2018-11-13','2018-12-3');
insert into cierre values (2018, 10, 7,'2018-10-15','2018-11-15','2018-12-5');
insert into cierre values (2018, 10, 8,'2018-10-17','2018-11-17','2018-12-7');
insert into cierre values (2018, 10, 9,'2018-10-19','2018-11-19','2018-12-10');
insert into cierre values (2018, 11, 0,'2018-11-1','2018-12-1','2018-12-20');
insert into cierre values (2018, 11, 1,'2018-11-3','2018-12-3','2018-12-23');
insert into cierre values (2018, 11, 2,'2018-11-5','2018-12-5','2018-12-25');
insert into cierre values (2018, 11, 3,'2018-11-7','2018-12-7','2018-12-27');
insert into cierre values (2018, 11, 4,'2018-11-10','2018-12-10','2018-12-30');
insert into cierre values (2018, 11, 5,'2018-11-11','2018-12-11','2018-12-30');
insert into cierre values (2018, 11, 6,'2018-11-13','2019-12-13','2019-1-3');
insert into cierre values (2018, 11, 7,'2018-11-15','2019-12-15','2019-1-5');
insert into cierre values (2018, 11, 8,'2018-11-17','2019-12-17','2019-1-7');
insert into cierre values (2018, 11, 9,'2018-11-19','2019-12-19','2019-1-10');
insert into cierre values (2018, 12, 0,'2018-12-1','2019-1-1','2019-1-20');
insert into cierre values (2018, 12, 1,'2018-12-3','2019-1-3','2019-1-23');
insert into cierre values (2018, 12, 2,'2018-12-5','2019-1-5','2019-1-25');
insert into cierre values (2018, 12, 3,'2018-12-7','2019-1-7','2019-1-27');
insert into cierre values (2018, 12, 4,'2018-12-10','2019-1-10','2019-1-30');
insert into cierre values (2018, 12, 5,'2018-12-11','2019-1-11','2019-1-30');
insert into cierre values (2018, 12, 6,'2018-12-13','2019-1-13','2019-2-3');
insert into cierre values (2018, 12, 7,'2018-12-15','2019-1-15','2019-2-5');
insert into cierre values (2018, 12, 8,'2018-12-17','2019-1-17','2019-2-7');
insert into cierre values (2018, 12, 9,'2018-12-19','2019-1-19','2019-2-10');
